"maxi_challenge_id","contestant_id","role","grade"
1,"103","","Run"
1,"112","","Safe"
1,"123","","Run"
1,"129","","Safe"
1,"152","","Run"
1,"180","","Safe"
1,"200","","Safe"
1,"21","","Run"
1,"214","","Top"
1,"38","","Run"
1,"4","","Run"
1,"56","","Run"
1,"59","","Bottom"
1,"76","","Winner"
2,"103","","Safe"
2,"112","","Run"
2,"123","","Winner"
2,"129","","Run"
2,"152","","Safe"
2,"180","","Run"
2,"200","","Run"
2,"21","","Safe"
2,"214","","Run"
2,"38","","Bottom"
2,"4","","Top"
2,"56","","Safe"
2,"59","","Run"
2,"76","","Run"
3,"103","","Winner"
3,"112","","Bottom"
3,"123","","Safe"
3,"129","","Bottom"
3,"152","","Safe"
3,"180","","Safe"
3,"200","","High"
3,"21","","Low"
3,"214","","Safe"
3,"38","","Safe"
3,"4","","Safe"
3,"56","","High"
3,"59","","Safe"
3,"76","","Safe"
4,"103","","Safe"
4,"112","","Bottom"
4,"123","","Safe"
4,"152","","Safe"
4,"180","","Safe"
4,"200","","Low"
4,"21","","Bottom"
4,"214","","Safe"
4,"38","","Safe"
4,"4","","High"
4,"56","","Winner"
4,"59","","Safe"
4,"76","","High"
5,"103","","Low"
5,"123","","Safe"
5,"152","","Safe"
5,"180","","Bottom"
5,"200","","Bottom"
5,"21","","Safe"
5,"214","","Safe"
5,"38","","High"
5,"4","","Safe"
5,"56","","High"
5,"59","","Safe"
5,"76","","Winner"
6,"103","","High"
6,"123","","Safe"
6,"152","","Bottom"
6,"180","","Safe"
6,"200","","Winner"
6,"21","","Safe"
6,"214","","Safe"
6,"38","","Bottom"
6,"4","","High"
6,"56","","Safe"
6,"59","","Low"
6,"76","","Safe"
7,"103","","High"
7,"123","","High"
7,"152","","Bottom"
7,"180","","Safe"
7,"200","","Low"
7,"21","","Safe"
7,"214","","High"
7,"4","","Bottom"
7,"56","","Winner"
7,"59","","Safe"
7,"76","","Safe"
8,"103","","Winner"
8,"123","","Safe"
8,"152","","Safe"
8,"180","","Safe"
8,"200","","Safe"
8,"21","","Bottom"
8,"214","","High"
8,"56","","High"
8,"59","","Bottom"
8,"76","","High"
9,"103","","Safe"
9,"123","","High"
9,"152","","Safe"
9,"180","","Bottom"
9,"200","","High"
9,"21","","Bottom"
9,"214","","Winner"
9,"56","","Low"
9,"76","","Safe"
10,"103","","High"
10,"123","","Low"
10,"152","","High"
10,"180","","Winner"
10,"200","","Bottom"
10,"214","","Bottom"
10,"56","","Safe"
10,"76","","Safe"
11,"103","","High"
11,"123","","High"
11,"152","","Bottom"
11,"180","","Bottom"
11,"214","","Low"
11,"56","","Winner"
11,"76","","High"
12,"103","","Bottom"
12,"123","","Winner"
12,"152","","Bottom"
12,"214","","Safe"
12,"56","","Winner"
12,"76","","Safe"
13,"103","","Winner"
13,"123","","Low"
13,"214","","Bottom"
13,"56","","Bottom"
13,"76","","High"
14,"103","","Bottom"
14,"123","","High"
14,"214","","Winner"
14,"56","","High"
14,"76","","Bottom"
15,"101","","Safe"
15,"106","","Safe"
15,"132","","Safe"
15,"166","","Safe"
15,"177","","Winner"
15,"28","","Safe"
15,"92","","Top"
16,"110","","Safe"
16,"131","","Safe"
16,"159","","Safe"
16,"211","","Safe"
16,"22","","Winner"
16,"29","","Safe"
16,"33","","Top"
17,"101","","Safe"
17,"106","","Safe"
17,"110","","Bottom"
17,"131","","Low"
17,"132","","Safe"
17,"159","","Safe"
17,"166","","Safe"
17,"177","","High"
17,"211","","Winner"
17,"22","","Safe"
17,"28","","Safe"
17,"29","","Safe"
17,"33","","Bottom"
17,"92","","High"
18,"101","","Bottom"
18,"106","","Safe"
18,"131","","Low"
18,"132","","Safe"
18,"159","","Winner"
18,"166","","Safe"
18,"177","","Safe"
18,"211","","Safe"
18,"22","","High"
18,"28","","Safe"
18,"29","","Safe"
18,"33","","Bottom"
18,"92","","High"
19,"106","","Bottom"
19,"131","","Winner"
19,"132","","Safe"
19,"159","Team captain","Safe"
19,"166","","Safe"
19,"177","Team captain","Safe"
19,"211","","Winner"
19,"22","","Safe"
19,"28","","Safe"
19,"29","","Winner"
19,"33","Team captain","Winner"
19,"92","","Bottom"
20,"131","","Bottom"
20,"132","","Safe"
20,"159","","Low"
20,"166","","Safe"
20,"177","","Safe"
20,"211","","Safe"
20,"22","","High"
20,"28","","High"
20,"29","","Safe"
20,"33","","Bottom"
20,"92","","Winner"
21,"131","","Bottom"
21,"132","","Low"
21,"159","","Winner"
21,"166","","Safe"
21,"177","","High"
21,"211","","Safe"
21,"22","","Safe"
21,"28","","Safe"
21,"29","","Bottom"
21,"92","","High"
22,"131","","High"
22,"132","","Bottom"
22,"159","","Safe"
22,"166","","Bottom"
22,"177","","High"
22,"211","","Low"
22,"22","","Winner"
22,"28","","Safe"
22,"92","","Safe"
23,"131","","Bottom"
23,"132","","Low"
23,"159","","Bottom"
23,"177","","High"
23,"211","","High"
23,"22","","High"
23,"28","","High"
23,"92","","Winner"
24,"131","","High"
24,"132","","Top"
24,"177","","Winner"
24,"211","","Safe"
24,"22","","Low"
24,"28","","High"
24,"92","","Low"
25,"131","","Bottom"
25,"132","","Bottom"
25,"177","","Winner"
25,"211","","High"
25,"22","","Safe"
25,"28","","Low"
25,"92","","Safe"
26,"132","","Bottom"
26,"177","","Winner"
26,"211","","Low"
26,"22","","Winner"
26,"28","","Bottom"
26,"92","","Low"
27,"132","","Bottom"
27,"177","","Bottom"
27,"211","","High"
27,"22","","Winner"
27,"92","","High"
28,"177","","High"
28,"211","","Winner"
28,"22","","Bottom"
28,"92","","Bottom"
29,"102","","Safe"
29,"117","","High"
29,"119","","Safe"
29,"135","","Safe"
29,"18","","Winner"
29,"183","","Bottom"
29,"25","","Bottom"
29,"44","","Safe"
29,"75","","Low"
30,"102","","High"
30,"117","Team captain","Winner"
30,"119","","Bottom"
30,"135","","Safe"
30,"18","","High"
30,"25","Team captain","Bottom"
30,"44","","Safe"
30,"75","","High"
31,"102","","Bottom"
31,"117","","High"
31,"135","","Winner"
31,"18","","High"
31,"25","","Bottom"
31,"44","","Low"
31,"75","","High"
32,"102","","Low"
32,"117","","Winner"
32,"135","","High"
32,"18","","High"
32,"44","","Bottom"
32,"75","","Bottom"
33,"102","","High"
33,"117","","Bottom"
33,"135","","Bottom"
33,"18","","Low"
33,"75","","Winner"
34,"102","","Bottom"
34,"135","","Winner"
34,"18","","High"
34,"75","","Bottom"
35,"11","","Safe"
35,"138","","Winner"
35,"161","","Bottom"
35,"173","","High"
35,"175","","Bottom"
35,"187","","Safe"
35,"19","","Safe"
35,"190","","High"
35,"196","","Safe"
35,"47","","Low"
35,"71","","Safe"
35,"8","","Safe"
36,"11","","Low"
36,"138","","Safe"
36,"161","Team captain","Winner"
36,"173","","High"
36,"187","","Bottom"
36,"19","","High"
36,"190","Team captain","Safe"
36,"196","","High"
36,"47","","High"
36,"71","","Safe"
36,"8","","Bottom"
37,"11","","Safe"
37,"138","Team captain","Safe"
37,"161","","Safe"
37,"173","","Winner"
37,"187","","Bottom"
37,"19","","Safe"
37,"190","","High"
37,"196","","High"
37,"47","Team captain","Bottom"
37,"71","","Safe"
38,"11","","Bottom"
38,"138","","Bottom"
38,"161","","Safe"
38,"173","","Safe"
38,"187","","Safe"
38,"19","","Low"
38,"190","","High"
38,"196","","Safe"
38,"71","","Winner"
39,"138","","Bottom"
39,"161","","Bottom"
39,"173","","Winner"
39,"187","","High"
39,"19","","High"
39,"190","","Safe"
39,"196","","High"
39,"71","","Low"
40,"161","","Bottom"
40,"173","","Low"
40,"187","","High"
40,"19","","Bottom"
40,"190","","High"
40,"196","","Winner"
40,"71","","Safe"
41,"173","","Safe"
41,"187","","Winner"
41,"19","","High"
41,"190","","Low"
41,"196","","Bottom"
41,"71","","Bottom"
42,"173","","High"
42,"187","","Winner"
42,"19","","Bottom"
42,"190","","Bottom"
42,"71","","High"
43,"173","","Winner"
43,"187","","High"
43,"19","","Bottom"
43,"71","","Bottom"
44,"10","","Safe"
44,"121","","Bottom"
44,"127","","Safe"
44,"154","","High"
44,"169","","Safe"
44,"17","","Safe"
44,"175","","Bottom"
44,"191","","Safe"
44,"58","","High"
44,"63","","Winner"
44,"65","","Safe"
44,"7","","Safe"
44,"70","","Low"
45,"10","Team captain","Bottom"
45,"127","","High"
45,"154","","High"
45,"169","","Bottom"
45,"17","","High"
45,"175","","Winner"
45,"191","","Winner"
45,"58","","Safe"
45,"63","","Safe"
45,"65","","Safe"
45,"7","Team captain","High"
45,"70","","Low"
46,"127","","High"
46,"154","","Bottom"
46,"169","","Safe"
46,"17","","High"
46,"175","","Safe"
46,"191","","Winner"
46,"58","Team captain","Safe"
46,"63","","Safe"
46,"65","","Bottom"
46,"7","","Low"
46,"70","Team captain","Safe"
47,"127","","Safe"
47,"169","","Safe"
47,"17","Team captain","Bottom"
47,"175","","High"
47,"191","","Safe"
47,"58","","Winner"
47,"63","","Safe"
47,"65","","Bottom"
47,"7","","Low"
47,"70","Team captain","Safe"
48,"127","","Low"
48,"169","","Bottom"
48,"17","","Winner"
48,"175","","Safe"
48,"191","","High"
48,"58","","Safe"
48,"63","","High"
48,"7","","Bottom"
48,"70","","Safe"
49,"127","","High"
49,"169","","High"
49,"17","","Bottom"
49,"175","","Low"
49,"191","","Bottom"
49,"58","","High"
49,"63","","Winner"
49,"70","","Low"
50,"127","","High"
50,"169","","Bottom"
50,"175","","Winner"
50,"191","","Low"
50,"58","","Bottom"
50,"63","","High"
50,"70","","High"
51,"127","","Bottom"
51,"175","","Safe"
51,"191","","Winner"
51,"58","","Low"
51,"63","","Low"
51,"70","","Bottom"
52,"127","","High"
52,"175","","Bottom"
52,"191","","Low"
52,"58","","High"
52,"63","","Winner"
52,"70","","Bottom"
53,"127","","Winner"
53,"175","","Bottom"
53,"191","","Bottom"
53,"58","","High"
53,"63","","High"
54,"127","","Low"
54,"191","","High"
54,"58","","Winner"
54,"63","","Bottom"
54,"70","","Bottom"
55,"127","","Bottom"
55,"191","","Bottom"
55,"58","","Winner"
55,"63","","High"
56,"122","","Safe"
56,"181","","Winner"
56,"182","","Bottom"
56,"192","","Safe"
56,"207","","Safe"
56,"213","","Bottom"
56,"34","","Safe"
56,"42","","Safe"
56,"49","","Safe"
56,"52","","High"
56,"68","","Low"
56,"73","","Safe"
56,"74","","High"
57,"122","Team captain","Safe"
57,"181","","High"
57,"182","","Safe"
57,"192","Team captain","Winner"
57,"207","","High"
57,"34","","Winner"
57,"42","","Low"
57,"49","Team captain","High"
57,"52","","Bottom"
57,"68","","High"
57,"73","","High"
57,"74","","Bottom"
58,"122","","Safe"
58,"181","","Winner"
58,"182","","Safe"
58,"192","","High"
58,"207","","Safe"
58,"34","","Low"
58,"42","","Bottom"
58,"49","Team captain","Safe"
58,"52","","Bottom"
58,"68","Team captain","High"
58,"73","","Safe"
59,"122","Team captain","High"
59,"181","","Safe"
59,"182","","High"
59,"192","","High"
59,"207","","Winner"
59,"34","Team captain","Bottom"
59,"42","","Safe"
59,"49","","High"
59,"68","","Low"
59,"73","","Bottom"
60,"122","","High"
60,"181","","High"
60,"182","","Safe"
60,"192","","Winner"
60,"207","","Safe"
60,"42","","Safe"
60,"49","","Low"
60,"68","","Bottom"
60,"73","","Bottom"
61,"122","","Winner"
61,"181","","Safe"
61,"182","","Bottom"
61,"192","","Safe"
61,"207","","High"
61,"42","","Low"
61,"49","","High"
61,"73","","Bottom"
62,"122","","Bottom"
62,"181","","High"
62,"182","","Bottom"
62,"192","","Low"
62,"207","","Low"
62,"42","","Safe"
62,"49","","Winner"
63,"122","","Winner"
63,"181","","Bottom"
63,"192","","Safe"
63,"207","","Winner"
63,"42","","Safe"
63,"49","","Bottom"
64,"181","","Winner"
64,"192","","High"
64,"207","","Bottom"
64,"42","","Bottom"
64,"49","","Low"
65,"181","","Low"
65,"192","","High"
65,"207","","Bottom"
65,"49","","Winner"
65,"68","","Bottom"
66,"181","","Winner"
66,"192","","Bottom"
66,"207","","Bottom"
66,"49","","High"
67,"108","","Safe"
67,"128","","Safe"
67,"147","","High"
67,"165","","Safe"
67,"171","","Winner"
67,"174","","Safe"
67,"179","","High"
67,"193","","Safe"
67,"197","","High"
67,"203","","Safe"
67,"212","","Bottom"
67,"54","","Bottom"
67,"78","","Low"
67,"95","","Safe"
68,"108","Team captain","Safe"
68,"128","","High"
68,"147","Team captain","High"
68,"165","","High"
68,"171","","Safe"
68,"174","","Bottom"
68,"179","","Safe"
68,"193","","High"
68,"197","","Winner"
68,"203","","High"
68,"212","Team captain","Bottom"
68,"78","","High"
68,"95","","High"
69,"108","","Winner"
69,"128","","Safe"
69,"147","","Safe"
69,"165","","Safe"
69,"171","","High"
69,"174","","Bottom"
69,"179","Team captain","Low"
69,"193","","Low"
69,"197","Team captain","Low"
69,"203","","High"
69,"78","","Safe"
69,"95","","Bottom"
70,"108","","Safe"
70,"128","","Winner"
70,"147","","High"
70,"165","","Bottom"
70,"171","","Low"
70,"179","","Safe"
70,"193","","Bottom"
70,"197","","Safe"
70,"203","Team captain","High"
70,"78","","Safe"
70,"95","Team captain","Safe"
71,"108","","Bottom"
71,"128","","Safe"
71,"147","","Low"
71,"171","","High"
71,"179","","High"
71,"197","","Bottom"
71,"203","","Winner"
71,"78","","Safe"
71,"95","","Safe"
72,"108","","Safe"
72,"128","","Low"
72,"147","","Winner"
72,"171","","High"
72,"179","","Safe"
72,"203","","High"
72,"78","","Bottom"
72,"95","","Bottom"
73,"108","","Safe"
73,"128","","Bottom"
73,"147","","Low"
73,"171","","Bottom"
73,"179","","High"
73,"203","","High"
73,"95","","Winner"
74,"108","","High"
74,"128","","Bottom"
74,"147","","Bottom"
74,"171","","Low"
74,"179","","Winner"
74,"203","","High"
74,"95","","Safe"
75,"108","Team captain","Low"
75,"128","Team captain","Bottom"
75,"171","","High"
75,"179","","High"
75,"203","","Winner"
75,"95","","Bottom"
76,"108","","Bottom"
76,"171","","Winner"
76,"179","","Low"
76,"203","","High"
76,"95","","Bottom"
77,"108","","Bottom"
77,"171","","High"
77,"179","","Winner"
77,"203","","Bottom"
78,"164","","Bottom"
78,"201","","Winner"
78,"204","","Bottom"
78,"219","","Safe"
78,"24","","Low"
78,"43","","High"
78,"82","","High"
79,"114","","Bottom"
79,"13","","High"
79,"143","","Winner"
79,"153","","High"
79,"188","","Bottom"
79,"223","","Safe"
79,"224","","Low"
80,"13","","High"
80,"143","","High"
80,"153","Team captain","High"
80,"164","","Bottom"
80,"188","","Winner"
80,"201","","High"
80,"219","","Safe"
80,"223","","High"
80,"224","","High"
80,"24","Team captain","Low"
80,"43","","High"
80,"82","","Bottom"
81,"13","","Bottom"
81,"143","","Safe"
81,"153","","Safe"
81,"188","","Low"
81,"201","Team captain","High"
81,"219","","Safe"
81,"223","","Winner"
81,"224","","Safe"
81,"24","Team captain","High"
81,"43","","Safe"
81,"82","","Bottom"
82,"13","","Safe"
82,"143","","High"
82,"153","","Low"
82,"188","","Safe"
82,"201","","Winner"
82,"219","","Bottom"
82,"223","","Safe"
82,"224","","Safe"
82,"24","","High"
82,"43","","Bottom"
83,"13","","Bottom"
83,"143","","High"
83,"153","","Bottom"
83,"188","","Low"
83,"201","","Safe"
83,"219","","Safe"
83,"223","","Safe"
83,"224","","High"
83,"24","","Winner"
84,"13","","High"
84,"143","","High"
84,"188","","Bottom"
84,"201","","Bottom"
84,"219","","Winner"
84,"223","","Low"
84,"224","","Low"
84,"24","","Winner"
85,"13","","High"
85,"143","","Winner"
85,"188","","High"
85,"201","","Low"
85,"219","","Bottom"
85,"223","","Safe"
85,"224","","Bottom"
85,"24","","Safe"
86,"13","","Bottom"
86,"143","","Safe"
86,"188","","Safe"
86,"201","","High"
86,"223","","Winner"
86,"224","","Low"
86,"24","","Bottom"
87,"143","","Winner"
87,"188","","Low"
87,"201","","High"
87,"223","","Low"
87,"224","","Bottom"
87,"24","","Bottom"
88,"143","","High"
88,"188","","Bottom"
88,"201","","Bottom"
88,"223","","Low"
88,"24","","Winner"
89,"111","","Low"
89,"134","","Safe"
89,"14","","Winner"
89,"140","","Safe"
89,"155","","High"
89,"170","","Safe"
89,"189","","Safe"
89,"20","","Safe"
89,"218","","Bottom"
89,"30","","Safe"
89,"36","","Bottom"
89,"61","","High"
89,"87","","Safe"
89,"89","","Low"
90,"111","","Safe"
90,"134","Team captain","Safe"
90,"14","","High"
90,"140","","Safe"
90,"155","","Low"
90,"170","Team captain","Winner"
90,"189","","High"
90,"20","","Bottom"
90,"30","","Safe"
90,"36","","Safe"
90,"61","","Safe"
90,"87","","Safe"
90,"89","","Bottom"
91,"111","","Bottom"
91,"134","","High"
91,"14","","Safe"
91,"140","","High"
91,"155","","High"
91,"170","","High"
91,"189","","High"
91,"20","","Safe"
91,"30","","Low"
91,"36","","Safe"
91,"61","Team captain","Bottom"
91,"87","Team captain","Winner"
92,"134","","Bottom"
92,"14","","Safe"
92,"140","","High"
92,"155","","High"
92,"170","","High"
92,"189","","Safe"
92,"20","","High"
92,"30","","Bottom"
92,"36","","Low"
92,"61","","Winner"
92,"87","","Safe"
93,"14","","Low"
93,"140","","High"
93,"155","","Safe"
93,"170","","Safe"
93,"189","","Bottom"
93,"20","","Safe"
93,"30","","Winner"
93,"36","","Bottom"
93,"61","","High"
93,"87","","Winner"
94,"14","","Safe"
94,"140","","Bottom"
94,"155","","Low"
94,"170","","High"
94,"20","","Winner"
94,"30","","Safe"
94,"36","","Bottom"
94,"61","","High"
94,"87","","Safe"
95,"14","","Safe"
95,"140","","Bottom"
95,"155","","Low"
95,"170","","Winner"
95,"20","","High"
95,"30","","Safe"
95,"61","","Winner"
95,"87","","Bottom"
96,"134","","Winner"
96,"14","","High"
96,"140","","Bottom"
96,"155","","Low"
96,"170","","Bottom"
96,"20","","High"
96,"30","","Winner"
96,"61","","Safe"
97,"134","","High"
97,"14","","Low"
97,"155","","Bottom"
97,"170","","Winner"
97,"20","","High"
97,"30","","Bottom"
97,"61","","High"
98,"134","","Bottom"
98,"14","","Winner"
98,"170","","Bottom"
98,"20","","Winner"
98,"30","","Safe"
98,"61","","Safe"
99,"14","","Winner"
99,"170","","High"
99,"20","","Bottom"
99,"30","","High"
99,"61","","Bottom"
100,"105","","High"
100,"15","","Safe"
100,"185","","High"
100,"198","","Safe"
100,"205","","Low"
100,"206","","Safe"
100,"27","","Safe"
100,"32","","Safe"
100,"46","","Winner"
100,"48","","Bottom"
100,"79","","Bottom"
100,"96","","High"
101,"105","","High"
101,"15","Team captain","Safe"
101,"185","","Safe"
101,"198","","Bottom"
101,"205","","Safe"
101,"206","Team captain","Winner"
101,"27","","Safe"
101,"32","","High"
101,"46","","Low"
101,"79","","Bottom"
101,"96","","Safe"
102,"105","","High"
102,"15","","Bottom"
102,"185","","Safe"
102,"205","","Bottom"
102,"206","","Safe"
102,"27","","Winner"
102,"32","","High"
102,"46","","Safe"
102,"48","Team captain","Safe"
102,"96","","Low"
103,"105","","Safe"
103,"185","","High"
103,"205","","Winner"
103,"206","","Bottom"
103,"27","","Safe"
103,"32","","Safe"
103,"46","","High"
103,"48","","Bottom"
103,"96","","Low"
104,"105","","Bottom"
104,"185","","Bottom"
104,"205","","Low"
104,"206","","Safe"
104,"27","","Winner"
104,"32","","High"
104,"46","","Safe"
104,"96","","High"
105,"185","","Winner"
105,"205","","Bottom"
105,"206","","Low"
105,"27","","Safe"
105,"32","","Safe"
105,"46","","High"
105,"96","","Bottom"
106,"185","","Safe"
106,"206","","Bottom"
106,"27","","Winner"
106,"32","","Bottom"
106,"46","","Safe"
106,"96","","Winner"
107,"185","","High"
107,"206","","High"
107,"27","","Bottom"
107,"46","","Winner"
107,"96","","Bottom"
108,"1","","Safe"
108,"100","","Safe"
108,"104","","Safe"
108,"120","","Safe"
108,"125","","Safe"
108,"144","","Safe"
108,"158","","Safe"
108,"172","","Safe"
108,"31","","High"
108,"50","","Safe"
108,"9","","Winner"
108,"90","","High"
108,"98","","Safe"
109,"1","","Safe"
109,"100","","Bottom"
109,"104","","Low"
109,"120","","Winner"
109,"125","","Bottom"
109,"144","","Safe"
109,"15","Team captain","Safe"
109,"158","","Safe"
109,"172","","High"
109,"31","","Safe"
109,"50","","High"
109,"9","Team captain","Safe"
109,"90","","Safe"
109,"98","","Safe"
110,"1","","Bottom"
110,"100","","Bottom"
110,"104","","Safe"
110,"120","","High"
110,"144","","Safe"
110,"15","","Safe"
110,"158","","High"
110,"172","","Winner"
110,"31","","Safe"
110,"50","","Safe"
110,"9","","Safe"
110,"90","","Safe"
110,"98","","Low"
111,"1","Team captain","High"
111,"104","","Bottom"
111,"120","","High"
111,"144","","High"
111,"15","","Safe"
111,"158","","Low"
111,"172","Team captain","Bottom"
111,"31","","Winner"
111,"50","","Winner"
111,"9","","High"
111,"90","","High"
111,"98","","High"
112,"1","","Safe"
112,"120","","Safe"
112,"144","","High"
112,"15","","Bottom"
112,"158","","High"
112,"172","","Safe"
112,"31","","Safe"
112,"50","","Winner"
112,"9","","Low"
112,"90","","Safe"
112,"98","","Bottom"
113,"1","","Safe"
113,"120","","Safe"
113,"144","","Winner"
113,"15","","Bottom"
113,"158","","Bottom"
113,"172","","Safe"
113,"31","","High"
113,"50","","Safe"
113,"9","","High"
113,"98","","Low"
114,"1","","Bottom"
114,"120","","High"
114,"144","","Safe"
114,"158","","Safe"
114,"172","","Winner"
114,"31","","Low"
114,"50","","High"
114,"9","","Bottom"
114,"98","","Safe"
115,"120","","Safe"
115,"144","","Bottom"
115,"158","","Winner"
115,"172","","Low"
115,"31","","High"
115,"50","","High"
115,"9","","Safe"
115,"98","","Bottom"
116,"120","","Bottom"
116,"144","","Low"
116,"158","","High"
116,"172","","High"
116,"31","","Winner"
116,"50","","Winner"
116,"9","","Bottom"
117,"144","","Low"
117,"158","","High"
117,"172","","Winner"
117,"31","","High"
117,"50","","Bottom"
117,"9","","Bottom"
118,"144","","Bottom"
118,"158","","Bottom"
118,"172","","Low"
118,"31","","High"
118,"50","","Winner"
119,"142","","Safe"
119,"146","","Low"
119,"167","","High"
119,"186","","Winner"
119,"2","","Bottom"
119,"215","","Bottom"
119,"216","","Safe"
119,"26","","Safe"
119,"53","","Safe"
119,"60","","Safe"
119,"81","","Safe"
119,"83","","High"
119,"88","","High"
119,"90","","Safe"
120,"142","","High"
120,"146","","High"
120,"167","","Safe"
120,"186","","High"
120,"2","","Bottom"
120,"216","","High"
120,"26","","Safe"
120,"53","Team captain","Winner"
120,"60","Team captain","High"
120,"81","","Low"
120,"83","","High"
120,"88","","High"
120,"90","","Bottom"
121,"142","","Low"
121,"146","","Safe"
121,"167","","Bottom"
121,"186","","Bottom"
121,"216","Team captain","Safe"
121,"26","","Safe"
121,"53","","Safe"
121,"60","","Winner"
121,"81","Team captain","Safe"
121,"83","","Safe"
121,"88","Team captain","High"
121,"90","","High"
122,"142","","High"
122,"146","","Bottom"
122,"186","","Safe"
122,"216","","Bottom"
122,"26","","Winner"
122,"53","","Safe"
122,"60","","Low"
122,"81","","Safe"
122,"83","","High"
122,"88","","Safe"
122,"90","","Safe"
123,"142","","Safe"
123,"186","","Bottom"
123,"216","","Bottom"
123,"26","","Safe"
123,"53","","Low"
123,"60","","Safe"
123,"81","","High"
123,"83","","High"
123,"88","","Safe"
123,"90","","Winner"
124,"142","","High"
124,"216","","High"
124,"26","","Safe"
124,"53","","Bottom"
124,"60","","Safe"
124,"81","","Safe"
124,"83","","Low"
124,"88","","Bottom"
124,"90","","Winner"
125,"142","","Safe"
125,"216","","High"
125,"26","","Winner"
125,"53","","Bottom"
125,"60","","Low"
125,"81","","Bottom"
125,"83","","Safe"
125,"90","","High"
126,"142","","Winner"
126,"216","","High"
126,"26","","Low"
126,"53","","Bottom"
126,"60","","Bottom"
126,"83","","Safe"
126,"90","","Safe"
127,"142","","Bottom"
127,"216","","High"
127,"26","","High"
127,"60","","Winner"
127,"83","","Low"
127,"90","","Bottom"
128,"142","","Bottom"
128,"216","","Bottom"
128,"26","","Low"
128,"60","","High"
128,"83","","Winner"
128,"90","","High"
129,"142","","Bottom"
129,"26","","Winner"
129,"60","","High"
129,"83","","Bottom"
129,"90","","High"
130,"118","","Safe"
130,"124","","Safe"
130,"126","","Safe"
130,"136","","Low"
130,"139","","Safe"
130,"176","","Safe"
130,"215","","High"
130,"217","","Winner"
130,"39","","Safe"
130,"51","","Bottom"
130,"55","","High"
130,"62","","High"
130,"67","","Safe"
130,"81","","Low"
130,"99","","Bottom"
131,"118","","Safe"
131,"124","","Winner"
131,"126","","High"
131,"136","","Bottom"
131,"139","","Safe"
131,"176","","Safe"
131,"215","","Safe"
131,"217","","Low"
131,"39","","Low"
131,"55","","Safe"
131,"62","","High"
131,"67","","Winner"
131,"81","","Safe"
131,"99","","Bottom"
132,"118","","Bottom"
132,"124","","Bottom"
132,"126","","Bottom"
132,"136","","High"
132,"139","","High"
132,"176","","Bottom"
132,"215","","High"
132,"217","","High"
132,"39","","High"
132,"55","","Bottom"
132,"62","","Bottom"
132,"67","","High"
132,"81","","Winner"
133,"118","","Bottom"
133,"124","","Safe"
133,"126","","Safe"
133,"136","","Bottom"
133,"139","","Winner"
133,"215","","Low"
133,"217","","High"
133,"39","","Safe"
133,"55","","Safe"
133,"62","","Safe"
133,"67","","High"
133,"81","","Safe"
134,"118","","Safe"
134,"124","","Safe"
134,"126","","Bottom"
134,"139","","Low"
134,"215","","Safe"
134,"217","","Winner"
134,"39","","Bottom"
134,"55","","Safe"
134,"62","","High"
134,"67","","High"
134,"81","","Safe"
135,"118","","Bottom"
135,"124","","Bottom"
135,"126","","High"
135,"139","","High"
135,"215","","Safe"
135,"217","","High"
135,"55","","Winner"
135,"62","","High"
135,"67","","High"
135,"81","","Low"
136,"118","","Bottom"
136,"126","","Safe"
136,"139","","Safe"
136,"215","","Safe"
136,"217","","High"
136,"55","","Bottom"
136,"62","","Winner"
136,"67","","High"
136,"81","","Low"
137,"126","","High"
137,"139","","Winner"
137,"215","","Low"
137,"217","","Bottom"
137,"55","","Safe"
137,"62","","Safe"
137,"67","","Bottom"
137,"81","","High"
138,"126","","Low"
138,"139","","High"
138,"215","","Bottom"
138,"217","","High"
138,"55","","Winner"
138,"62","","Bottom"
138,"67","","Safe"
138,"81","","Safe"
139,"126","","Bottom"
139,"139","","Low"
139,"215","","Bottom"
139,"217","","High"
139,"55","","Safe"
139,"67","","Safe"
139,"81","","Winner"
140,"139","","Bottom"
140,"215","","High"
140,"217","","Winner"
140,"55","","High"
140,"67","","Low"
140,"81","","Bottom"
141,"139","","Safe"
141,"215","","Bottom"
141,"217","","Bottom"
141,"55","","Safe"
141,"67","","Safe"
142,"109","","Top"
142,"145","","High"
142,"148","","High"
142,"156","","Low"
142,"184","","Low"
142,"208","","Safe"
142,"93","","Winner"
143,"107","","Low"
143,"133","","Winner"
143,"149","","High"
143,"16","","High"
143,"162","","Top"
143,"195","","Low"
144,"107","","Bottom"
144,"109","","Safe"
144,"133","","Safe"
144,"145","","Safe"
144,"148","","High"
144,"149","","Safe"
144,"156","","Bottom"
144,"16","","Safe"
144,"162","","Winner"
144,"184","","High"
144,"195","","Safe"
144,"208","","Low"
144,"93","","Safe"
145,"109","","Winner"
145,"133","","High"
145,"145","","Bottom"
145,"148","","Safe"
145,"149","","Safe"
145,"156","","High"
145,"16","","Low"
145,"162","","Safe"
145,"184","","Safe"
145,"195","","Bottom"
145,"208","","Safe"
145,"93","","Safe"
146,"109","","High"
146,"133","","Safe"
146,"145","","Low"
146,"148","","High"
146,"149","","High"
146,"156","","Bottom"
146,"16","","High"
146,"162","","Winner"
146,"184","","Bottom"
146,"208","","Safe"
146,"93","","High"
147,"109","","Winner"
147,"133","","Safe"
147,"145","","Bottom"
147,"148","","High"
147,"149","","Safe"
147,"16","","Bottom"
147,"162","","High"
147,"184","","Safe"
147,"208","","Low"
147,"93","","Safe"
148,"109","","Winner"
148,"133","","Safe"
148,"145","","Bottom"
148,"148","","Low"
148,"149","","High"
148,"162","","Safe"
148,"184","","Bottom"
148,"208","","High"
148,"93","","Safe"
149,"109","","Low"
149,"133","","High"
149,"148","","High"
149,"149","","Bottom"
149,"162","","Low"
149,"184","","Winner"
149,"208","","High"
149,"93","","Bottom"
150,"109","","Low"
150,"133","","Winner"
150,"148","","Bottom"
150,"162","","Safe"
150,"184","","High"
150,"208","","High"
150,"93","","Bottom"
151,"109","","Safe"
151,"133","","Winner"
151,"148","","Bottom"
151,"162","","High"
151,"184","","Bottom"
151,"208","","High"
152,"109","","Safe"
152,"133","","Bottom"
152,"148","","High"
152,"162","","Safe"
152,"184","","Bottom"
152,"208","","Winner"
153,"109","","Winner"
153,"133","","Safe"
153,"148","","Bottom"
153,"162","","Safe"
153,"208","","Bottom"
154,"151","","Safe"
154,"157","","Top"
154,"163","","Safe"
154,"199","","Safe"
154,"57","","Winner"
154,"6","","Safe"
154,"97","","Safe"
155,"12","","Safe"
155,"137","","Safe"
155,"160","","Top"
155,"178","","Safe"
155,"41","","Winner"
155,"45","","Safe"
156,"12","","Safe"
156,"137","","Safe"
156,"151","","High"
156,"157","","Safe"
156,"160","","High"
156,"163","","Safe"
156,"178","","Safe"
156,"199","","Safe"
156,"41","","Bottom"
156,"45","","Bottom"
156,"57","","Winner"
156,"6","","Low"
156,"97","","Safe"
157,"12","","Low"
157,"137","","High"
157,"151","","Safe"
157,"157","","Safe"
157,"160","","High"
157,"163","","Safe"
157,"178","","Bottom"
157,"199","","Winner"
157,"41","","Safe"
157,"57","","Safe"
157,"6","","Bottom"
157,"97","","Safe"
158,"12","","Bottom"
158,"137","","Low"
158,"151","","Bottom"
158,"157","","Winner"
158,"160","","Safe"
158,"163","","High"
158,"199","","Safe"
158,"41","","Safe"
158,"57","","Safe"
158,"6","","Safe"
158,"97","","High"
159,"137","","Low"
159,"151","","High"
159,"157","","Winner"
159,"160","","Safe"
159,"163","","Safe"
159,"199","","Safe"
159,"41","","Safe"
159,"57","","High"
159,"6","","Bottom"
159,"97","","Bottom"
160,"137","","Safe"
160,"151","","Bottom"
160,"157","","Safe"
160,"160","","Winner"
160,"163","","Low"
160,"199","","High"
160,"41","","High"
160,"57","","Bottom"
160,"97","","Safe"
161,"137","","Bottom"
161,"151","","Safe"
161,"157","","Low"
161,"160","","High"
161,"163","","Safe"
161,"199","","Winner"
161,"41","","High"
161,"57","","Safe"
161,"97","","Bottom"
162,"137","","Winner"
162,"151","","High"
162,"157","","Bottom"
162,"160","","Low"
162,"163","","Low"
162,"199","","High"
162,"41","","Bottom"
162,"57","","Winner"
163,"137","","Bottom"
163,"151","","High"
163,"157","","Safe"
163,"160","","Winner"
163,"163","","Bottom"
163,"199","","Low"
163,"57","","Winner"
164,"137","","Bottom"
164,"151","","Winner"
164,"157","","Low"
164,"160","","High"
164,"199","","High"
164,"57","","Bottom"
165,"151","","Bottom"
165,"157","","Bottom"
165,"160","","Winner"
165,"199","","High"
165,"57","","High"
166,"113","","Bottom"
166,"115","","Safe"
166,"116","","Winner"
166,"202","","Safe"
166,"35","","Safe"
166,"66","","Safe"
166,"80","","Bottom"
167,"141","","Safe"
167,"150","","Safe"
167,"194","","Safe"
167,"209","","Bottom"
167,"5","","Winner"
167,"72","","Safe"
167,"77","","Bottom"
168,"113","","Bottom"
168,"115","","Safe"
168,"116","","Safe"
168,"141","","Safe"
168,"150","","Safe"
168,"194","","Safe"
168,"202","","Safe"
168,"209","","Safe"
168,"35","","Safe"
168,"5","","Safe"
168,"66","","Winner"
168,"72","","Bottom"
168,"77","","Safe"
168,"80","","Safe"
169,"115","","Bottom"
169,"116","","Safe"
169,"141","","Safe"
169,"150","","Safe"
169,"194","","Safe"
169,"202","","Safe"
169,"209","","Safe"
169,"35","","Bottom"
169,"5","","Winner"
169,"66","","Safe"
169,"72","","Safe"
169,"77","","Safe"
169,"80","","Safe"
170,"115","","Safe"
170,"141","","Bottom"
170,"150","","Safe"
170,"194","","Safe"
170,"202","","Winner"
170,"209","","Safe"
170,"5","","Safe"
170,"66","","Safe"
170,"72","","Safe"
170,"77","","Safe"
170,"80","","Bottom"
171,"115","","Safe"
171,"141","","Winner"
171,"150","","Bottom"
171,"194","","Safe"
171,"202","","Safe"
171,"209","","Safe"
171,"5","","Safe"
171,"66","","Safe"
171,"72","","Bottom"
171,"77","","Safe"
172,"115","","Safe"
172,"141","","Safe"
172,"150","","Safe"
172,"194","","Winner"
172,"202","","Safe"
172,"209","","Top"
172,"5","","Safe"
172,"66","","Safe"
172,"77","","Safe"
173,"115","","Bottom"
173,"141","","Safe"
173,"150","","Bottom"
173,"194","","Safe"
173,"202","","Safe"
173,"209","","Winner"
173,"5","","Safe"
173,"66","","Safe"
173,"77","","Safe"
174,"141","","Bottom"
174,"150","","Bottom"
174,"194","","Safe"
174,"202","","Winner"
174,"209","","Safe"
174,"5","","Safe"
174,"66","","Safe"
174,"77","","Safe"
175,"141","","Bottom"
175,"150","","Bottom"
175,"194","","Bottom"
175,"202","","Bottom"
175,"209","","Bottom"
175,"5","","Bottom"
175,"66","","Bottom"
175,"77","","Winner"
176,"141","","Safe"
176,"150","","Bottom"
176,"194","","Safe"
176,"202","","Safe"
176,"209","","Safe"
176,"5","","Safe"
176,"66","","Safe"
176,"77","","Safe"
177,"141","","Bottom"
177,"194","","Winner"
177,"202","","Safe"
177,"209","","Safe"
177,"5","","Safe"
177,"66","","Safe"
177,"77","","Safe"
178,"141","","Bottom"
178,"194","","Safe"
178,"202","","Winner"
178,"209","","Bottom"
178,"5","","Safe"
178,"66","","Safe"
178,"77","","Bottom"
179,"194","","Winner"
179,"202","","Safe"
179,"209","","Safe"
179,"5","","Bottom"
179,"66","","Bottom"
181,"130","","Safe"
181,"168","","High"
181,"210","","Safe"
181,"220","","Safe"
181,"221","","Safe"
181,"222","","Safe"
181,"23","","Bottom"
181,"3","","Low"
181,"37","","Safe"
181,"40","","Safe"
181,"64","","High"
181,"69","","Safe"
181,"84","","Safe"
181,"85","","Bottom"
181,"86","","Safe"
181,"94","","Winner"
182,"130","","Safe"
182,"168","","Safe"
182,"210","","Safe"
182,"220","","Winner"
182,"221","","Safe"
182,"222","","Safe"
182,"23","","Bottom"
182,"3","","High"
182,"37","","Bottom"
182,"40","","Safe"
182,"64","","Low"
182,"69","","High"
182,"84","","Safe"
182,"86","","Safe"
182,"94","","Safe"
183,"130","","Safe"
183,"168","","High"
183,"210","","Safe"
183,"220","","Safe"
183,"221","","Bottom"
183,"222","","Bottom"
183,"23","","Safe"
183,"3","","Winner"
183,"40","","Low"
183,"64","","Safe"
183,"69","","Safe"
183,"84","","Safe"
183,"86","","High"
183,"94","","Safe"
184,"130","","High"
184,"168","","Safe"
184,"210","","Bottom"
184,"220","","High"
184,"221","","Safe"
184,"23","","Bottom"
184,"3","","Safe"
184,"40","","Safe"
184,"64","","Low"
184,"69","","Winner"
184,"84","","High"
184,"86","","Safe"
184,"94","","Safe"
185,"130","","Safe"
185,"168","","Safe"
185,"210","","Safe"
185,"220","","High"
185,"221","","Safe"
185,"3","","Safe"
185,"40","","Winner"
185,"64","","Bottom"
185,"69","","Safe"
185,"84","","Bottom"
185,"86","","High"
185,"94","","Low"
186,"130","","High"
186,"168","","High"
186,"210","","Safe"
186,"220","","Safe"
186,"221","","Low"
186,"3","","Safe"
186,"40","","Bottom"
186,"64","","Bottom"
186,"69","","Safe"
186,"86","","Winner"
186,"94","","High"
187,"130","","Safe"
187,"168","","Safe"
187,"210","","Safe"
187,"220","","Safe"
187,"221","","Safe"
187,"3","","Safe"
187,"64","","Bottom"
187,"69","","Safe"
187,"86","","Safe"
187,"94","","Safe"
188,"130","","Safe"
188,"168","","Safe"
188,"210","","Bottom"
188,"220","","Winner"
188,"221","","Bottom"
188,"3","","Low"
188,"69","","Safe"
188,"86","","High"
188,"94","","High"
189,"130","","Bottom"
189,"168","","Safe"
189,"210","","Bottom"
189,"220","","Winner"
189,"3","","High"
189,"69","","High"
189,"86","","Low"
189,"94","","Safe"
190,"168","","Bottom"
190,"210","","High"
190,"220","","Low"
190,"3","","Winner"
190,"69","","Winner"
190,"86","","High"
190,"94","","Bottom"
191,"210","","Bottom"
191,"220","","High"
191,"3","","Bottom"
191,"69","","High"
191,"86","","High"
191,"94","","Winner"
192,"220","","High"
192,"3","","Bottom"
192,"69","","Bottom"
192,"86","","High"
192,"94","","Winner"
193,"220","","Winner"
193,"69","","High"
193,"86","","Bottom"
193,"94","","Bottom"
